UF;CIDADE;UNIDADE;POLO;TIPO_FRETE;RESTRITA;COLETA;ENTREGA;PRAZO_ENTREGA;PRAZO_ECOMMERCE;QTDE_PEDAGIO;DISTANCIA;TDA;VALOR_SUFRAMA;COLETA_ENTREGA;PRACA_COMERCIAL;OBSERVACAO;ENTREGA_SEG;ENTREGA_TER;ENTREGA_QUA;ENTREGA_QUI;ENTREGA_SEX;ENTREGA_SAB;FERIADO_1_DATA;FERIADO_1_COMEMORA;FERIADO_2_DATA;FERIADO_2_COMEMORA;FERIADO_3_DATA;FERIADO_3_COMEMORA;FERIADO_4_DATA;FERIADO_4_COMEMORA;FERIADO_5_DATA;FERIADO_5_COMEMORA;FERIADO_6_DATA;FERIADO_6_COMEMORA;FERIADO_7_DATA;FERIADO_7_COMEMORA;FERIADO_8_DATA;FERIADO_8_COMEMORA;FERIADO_9_DATA;FERIADO_9_COMEMORA;FERIADO_10_DATA;FERIADO_10_COMEMORA;ALIQUOTA_ISS;TIPO_ALIQUOTA
ES;AFONSO CLAUDIO;EPS;I;A;N;N;S;8;8;0;921;0;0;0;EPSP;;X;X;X;X;X; ;20/01;EMANC.POLITICA/ SAO SEBASTIAO;11/02;1;27/09;S.V. PAULA;31/10;REFORMA LUTERANA;00/00;;00/00;;00/00;;00/00;;00/00;;00/00;;5;N
ES;AGUA DOCE DO NORTE;EPS;I;A;N;N;S;8;8;0;1040;0;0;0;EPSI;;X;X;X;X;X; ;10/05;ANIVERSARIO;22/07;FERIADO MUNICIPAL;06/08;FERIADO MUNICIPAL;00/00;;00/00;;00/00;;00/00;;00/00;;00/00;;00/00;;5;N
ES;AGUIA BRANCA;EPS;I;A;N;N;S;8;8;0;1125;0;0;0;EPSI;;X;X;X;X;X; ;19/03;1;11/05;FERIADO MUNICIPAL;00/00;;00/00;;00/00;;00/00;;00/00;;00/00;;00/00;;00/00;;5;N
ES;ALEGRE;EPS;I;A;N;N;S;8;8;0;690;0;0;0;EPSP;;X;X;X;X;X; ;06/01;FERIADO MUNICIPAL;15/08;1;00/00;;00/00;;00/00;;00/00;;00/00;;00/00;;00/00;;00/00;;5;N
ES;ALFREDO CHAVES;EPS;I;A;N;N;S;8;8;0;865;0;0;0;EPSP;;X;X;X;X;X; ;08/12;NOSSA SENHORA DA CONCEICAO;26/12;S. BENEDICTO;00/00;;00/00;;00/00;;00/00;;00/00;;00/00;;00/00;;00/00;;5;N
ES;ALTO RIO NOVO;EPS;I;A;N;N;S;8;8;0;1036;0;0;0;EPSI;;X;X;X;X;X; ;19/03;PADROEIRO;00/00;;00/00;;00/00;;00/00;;00/00;;00/00;;00/00;;00/00;;00/00;;5;N
ES;ANCHIETA;EPS;I;A;N;N;S;8;8;0;857;0;0;0;EPSP;;X;X;X;X;X; ;09/06;DIA DA CIDADE;29/06;1;15/08;DIA N S ASSUNCAO;00/00;;00/00;;00/00;;00/00;;00/00;;00/00;;00/00;;5;N
ES;APIACA;EPS;I;A;N;N;S;8;8;0;647;0;0;0;EPSI;;X;X;X;X;X; ;29/01;FERIADO MUNICIPAL;26/07;FERIADO MUNICIPAL;21/10;FERIADO MUNICIPAL;08/12;FERIADO MUNICIPAL;00/00;;00/00;;00/00;;00/00;;00/00;;00/00;;5;N
ES;ARACRUZ;EPS;I;A;N;S;S;8;8;0;996;0;0;0;EPSP;;X;X;X;X;X; ;03/04;EMANCIPACAO DE ARACRUZ;24/06;DIA SAO JOAO BATISTA;00/00;;00/00;;00/00;;00/00;;00/00;;00/00;;00/00;;00/00;;0;N
ES;ATILIO VIVACQUA;EPS;I;A;N;N;S;8;8;0;796;0;0;0;EPSP;;X;X;X;X;X; ;10/04;1;13/06;FERIADO MUNICIPAL ;15/08;FERIADO MUNICIPAL;00/00;;00/00;;00/00;;00/00;;00/00;;00/00;;00/00;;5;N
ES;BAIXO GUANDU;EPS;I;A;N;N;S;8;8;0;912;0;0;0;EPSP;;X;X;X;X;X; ;10/04;FERIADO MUNICIPAL;29/06;1;00/00;;00/00;;00/00;;00/00;;00/00;;00/00;;00/00;;00/00;;5;N
ES;BARRA DE SAO FRANCISCO;EPS;I;A;N;N;S;8;8;0;1030;0;0;0;EPSP;;X;X;X;X;X; ;04/10;1;31/10;FERIADO MUNICIPAL;00/00;;00/00;;00/00;;00/00;;00/00;;00/00;;00/00;;00/00;;5;N
ES;BOA ESPERANCA;EPS;I;A;N;N;S;8;8;0;1171;0;0;0;EPSI;;X;X;X;X;X; ;03/05;.;30/10;FERIADO MUNICIPAL;27/11;FERIADO MUNICIPAL;00/00;;00/00;;00/00;;00/00;;00/00;;00/00;;00/00;;5;N
ES;BOM JESUS DO NORTE;EPS;I;A;N;N;S;8;8;0;639;0;0;0;EPSP;;X;X;X;X;X; ;16/10;FERIADO MUNICIPAL;20/11;FERIADO MUNICIPAL;08/12;FERIADO MUNICIPAL;00/00;;00/00;;00/00;;00/00;;00/00;;00/00;;00/00;;5;N
ES;BREJETUBA;EPS;I;A;N;N;S;8;8;0;786;0;0;0;EPSI;;X;X;X;X;X; ;15/08;FERIADO MUNICIPAL;15/12;FERIADO MUNICIPAL;00/00;;00/00;;00/00;;00/00;;00/00;;00/00;;00/00;;00/00;;5;N
ES;CACHOEIRO DE ITAPEMIRIM;EPS;I;A;N;S;S;8;8;0;803;0;0;0;EPSP;;X;X;X;X;X; ;29/06;ANIVERSARIO;00/00;;00/00;;00/00;;00/00;;00/00;;00/00;;00/00;;00/00;;00/00;;5;N
ES;CARIACICA;EPS;P;A;N;N;S;4;4;0;923;0;0;0;EPSP;;X;X;X;X;X; ;24/06;ANIVERSARIO DA CIDADE;00/00;;00/00;;00/00;;00/00;;00/00;;00/00;;00/00;;00/00;;00/00;;5;N
ES;CASTELO;EPS;I;A;N;N;S;8;8;0;839;0;0;0;EPSP;;X;X;X;X;X; ;15/08;DIA DE NSA SENHORA ASSUNCAO;08/12;1;00/00;;00/00;;00/00;;00/00;;00/00;;00/00;;00/00;;00/00;;5;N
ES;COLATINA;EPS;I;A;N;N;S;8;8;0;1046;0;0;0;EPSP;;X;X;X;X;X; ;22/08;ANIVERSARIO DA CIDADE;00/00;;00/00;;00/00;;00/00;;00/00;;00/00;;00/00;;00/00;;00/00;;5;N
ES;CONCEICAO DA BARRA;EPS;I;A;N;N;S;8;8;0;1166;0;0;0;EPSP;;X;X;X;X;X; ;24/06;FERIADO MUNICIPAL;29/06;FERIADO MUNICIPAL;06/10;1;08/12;NOSSA SENHORA DA CONCEICAO;00/00;;00/00;;00/00;;00/00;;00/00;;00/00;;5;N
ES;CONCEICAO DO CASTELO;EPS;I;A;N;N;S;8;8;0;877;0;0;0;EPSP;;X;X;X;X;X; ;09/05;1;08/12;DIA N S CONCEICAO;00/00;;00/00;;00/00;;00/00;;00/00;;00/00;;00/00;;00/00;;5;N
ES;DIVINO DE SAO LOURENCO;EPS;I;A;N;N;S;8;8;0;712;0;0;0;EPSP;;X;X;X;X;X; ;10/08;1;00/00;;00/00;;00/00;;00/00;;00/00;;00/00;;00/00;;00/00;;00/00;;5;N
ES;DOMINGOS MARTINS;EPS;I;A;N;N;S;8;8;0;933;0;0;0;EPSP;;X;X;X;X;X; ;20/01;SAO SEBASTIAO;12/06;.;04/07;FERIADO MUNICIPAL;31/10;DIA DA REFORMA ;00/00;;00/00;;00/00;;00/00;;00/00;;00/00;;5;N
ES;DORES DO RIO PRETO;EPS;I;A;N;N;S;8;8;0;714;0;0;0;EPSP;;X;X;X;X;X; ;07/04;EMANCIPACAO POLITICA;14/09;FERIADO MUNICIPAL;15/09;1;00/00;;00/00;;00/00;;00/00;;00/00;;00/00;;00/00;;5;N
ES;ECOPORANGA;EPS;I;A;N;N;S;8;8;0;1089;0;0;0;EPSP;;X;X;X;X;X; ;09/04;1;31/10;FERIADO MUNICIPAL;00/00;;00/00;;00/00;;00/00;;00/00;;00/00;;00/00;;00/00;;5;N
ES;FUNDAO;EPS;I;A;N;S;S;8;8;0;967;0;0;0;EPSP;;X;X;X;X;X; ;00/00;;00/00;;00/00;;00/00;;00/00;;00/00;;00/00;;00/00;;00/00;;00/00;;5;N
ES;GOVERNADOR LINDENBERG;EPS;I;A;N;N;S;8;8;0;1113;0;0;0;EPSI;;X;X;X;X;X; ;20/01;FERIADO MUNICIPAL;19/03;FERIADO MUNICIPAL;29/06;FERIADO MUNICIPAL;00/00;;00/00;;00/00;;00/00;;00/00;;00/00;;00/00;;5;N
ES;GUACUI;EPS;I;A;N;N;S;8;8;0;689;0;0;0;EPSP;;X;X;X;X;X; ;29/09;1;00/00;;00/00;;00/00;;00/00;;00/00;;00/00;;00/00;;00/00;;00/00;;5;N
ES;GUARAPARI;EPS;I;A;N;N;S;8;8;0;880;0;0;0;EPSP;;X;X;X;X;X; ;29/06;DIA SAO PEDRO;19/09;1;20/11;CONSCIENCIA NEGRA;08/12;NOSSA SENHORA;00/00;;00/00;;00/00;;00/00;;00/00;;00/00;;5;N
ES;IBATIBA;EPS;I;A;N;N;S;8;8;0;802;0;0;0;EPSP;;X;X;X;X;X; ;01/08;FERIADO MUNICIPAL;07/10;FERIADO MUNICIPAL;07/11;FERIADO MUNICIPAL;00/00;;00/00;;00/00;;00/00;;00/00;;00/00;;00/00;;5;N
ES;IBIRACU;EPS;I;A;N;N;S;8;8;0;984;0;0;0;EPSP;;X;X;X;X;X; ;11/09;EMANCIPACAO ;21/11;.;00/00;;00/00;;00/00;;00/00;;00/00;;00/00;;00/00;;00/00;;5;N
ES;IBITIRAMA;EPS;I;A;N;N;S;8;8;0;730;0;0;0;EPSP;;X;X;X;X;X; ;15/09;FERIADO MUNICIPAL;29/09;FERIADO MUNICIPAL;04/12;1;00/00;;00/00;;00/00;;00/00;;00/00;;00/00;;00/00;;5;N
ES;ICONHA;EPS;I;A;N;N;S;8;8;0;831;0;0;0;EPSP;;X;X;X;X;X; ;13/06;FERIADO MUNICIPAL;00/00;;00/00;;00/00;;00/00;;00/00;;00/00;;00/00;;00/00;;00/00;;5;N
ES;IRUPI;EPS;I;A;N;N;S;8;8;0;797;0;0;0;EPSP;;X;X;X;X;X; ;24/06;SAO JOAO;29/10;FERIADO MUNICIPAL;16/09;FERIADO MUNICIPAL;00/00;;00/00;;00/00;;00/00;;00/00;;00/00;;00/00;;5;N
ES;ITAGUACU;EPS;I;A;N;N;S;8;8;0;978;0;0;0;EPSI;;X;X;X;X;X; ;17/02;1;31/05;FERIADO MUNICIPAL;31/10;FERIADO MUNICIPAL;20/11;FERIADO MUNICIPAL;00/00;;00/00;;00/00;;00/00;;00/00;;00/00;;5;N
ES;ITAPEMIRIM;EPS;I;A;N;N;S;8;8;0;833;0;0;0;EPSP;;X;X;X;X;X; ;14/05;FERIADO MUNICIPAL;12/06;FERIADO MUNICIPAL;08/09;FERIADO MUNICIPAL;00/00;;00/00;;00/00;;00/00;;00/00;;00/00;;00/00;;5;N
ES;ITARANA;EPS;I;A;N;N;S;8;8;0;968;0;0;0;EPSP;;X;X;X;X;X; ;20/01;FERIADO MUNICIPAL;18/04;1;24/05;FERIADO MUNICIPAL;31/10;FERIADO MUNICIPAL;00/00;;00/00;;00/00;;00/00;;00/00;;00/00;;5;N
ES;IUNA;EPS;I;A;N;N;S;8;8;0;758;0;0;0;EPSP;;X;X;X;X;X; ;31/05;NOSSA SENHORA MA DOS HOMENS;20/07;FERIADO MUNICIPAL;24/10;1;00/00;;00/00;;00/00;;00/00;;00/00;;00/00;;00/00;;5;N
ES;JAGUARE;EPS;I;A;N;N;S;8;8;0;1114;0;0;0;EPSP;;X;X;X;X;X; ;16/09;FERIADO MUNICIPAL;13/12;.;00/00;;00/00;;00/00;;00/00;;00/00;;00/00;;00/00;;00/00;;5;N
ES;JERONIMO MONTEIRO;EPS;I;A;N;N;S;8;8;0;710;0;0;0;EPSP;;X;X;X;X;X; ;20/01;FERIADO MUNICIPAL;31/05;FERIADO MUNICIPAL;28/11;FERIADO MUNICIPAL;08/12;FERIADO MUNICIPAL;00/00;;00/00;;00/00;;00/00;;00/00;;00/00;;5;N
ES;JOAO NEIVA;EPS;I;A;N;N;S;8;8;0;993;0;0;0;EPSP;;X;X;X;X;X; ;11/05;.;00/00;;00/00;;00/00;;00/00;;00/00;;00/00;;00/00;;00/00;;00/00;;5;N
ES;LARANJA DA TERRA;EPS;I;A;N;N;S;8;8;0;961;0;0;0;EPSI;;X;X;X;X;X; ;10/05;.;24/06;FERIADO MUNICIPAL;31/10;FERIADO MUNICIPAL;00/00;;00/00;;00/00;;00/00;;00/00;;00/00;;00/00;;5;N
ES;LINHARES;EPS;I;A;N;N;S;8;8;0;1060;0;0;0;EPSP;;X;X;X;X;X; ;22/08;ANIVERSARIO DE LINHARES;08/12;NOSSA SENHORA CONCEICAO;00/00;;00/00;;00/00;;00/00;;00/00;;00/00;;00/00;;00/00;;5;N
ES;MANTENOPOLIS;EPS;I;A;N;N;S;8;8;0;1003;0;0;0;EPSI;;X;X;X;X;X; ;07/01;1;15/09;FERIADO MUNICIPAL;00/00;;00/00;;00/00;;00/00;;00/00;;00/00;;00/00;;00/00;;5;N
ES;MARATAIZES;EPS;I;A;N;N;S;8;8;0;799;0;0;0;EPSP;;X;X;X;X;X; ;02/02;FERIADO MUNICIPAL;31/10;FERIADO MUNICIPAL;00/00;;00/00;;00/00;;00/00;;00/00;;00/00;;00/00;;00/00;;5;N
ES;MARECHAL FLORIANO;EPS;I;A;N;N;S;8;8;0;896;0;0;0;EPSP;;X;X;X;X;X; ;13/05;INAUGURACAO DA ESTRADA DE FERR;26/07;1;31/10;CRIACAO DO MUNICIPIO;00/00;;00/00;;00/00;;00/00;;00/00;;00/00;;00/00;;5;N
ES;MARILANDIA;EPS;I;A;N;N;S;8;8;0;1063;0;0;0;EPSI;;X;X;X;X;X; ;15/05;1;24/05;FERIADO MUNICIPAL;00/00;;00/00;;00/00;;00/00;;00/00;;00/00;;00/00;;00/00;;5;N
ES;MIMOSO DO SUL;EPS;I;A;N;N;S;8;8;0;775;0;0;0;EPSP;;X;X;X;X;X; ;19/03;FERIADO MUNICIPAL;26/11;1;00/00;;00/00;;00/00;;00/00;;00/00;;00/00;;00/00;;00/00;;5;N
ES;MONTANHA;EPS;I;A;N;N;S;8;8;0;1210;0;0;0;EPSI;;X;X;X;X;X; ;16/04;FERIADO MUNICIPAL;20/05;FERIADO MUNICIPAL;24/06;FERIADO MUNICIPAL;00/00;;00/00;;00/00;;00/00;;00/00;;00/00;;00/00;;5;N
ES;MUCURICI;EPS;I;A;N;N;S;8;8;0;1156;0;0;0;EPSP;;X;X;X;X;X; ;20/01;FERIADO MUNICIPAL;13/05;FERIADO MUNICIPAL;23/08;FERIADO MUNICIPAL;29/12;1;00/00;;00/00;;00/00;;00/00;;00/00;;00/00;;5;N
ES;MUNIZ FREIRE;EPS;I;A;N;N;S;8;8;0;737;0;0;0;EPSP;;X;X;X;X;X; ;20/01;FERIADO MUNICIPAL;23/07;1;08/12;FERIADO MUNICIPAL;00/00;;00/00;;00/00;;00/00;;00/00;;00/00;;00/00;;5;N
ES;MUQUI;EPS;I;A;N;N;S;8;8;0;792;0;0;0;EPSP;;X;X;X;X;X; ;24/06;SAO JOAO;22/10;1;01/11;TODOS OS SANTOS;00/00;;00/00;;00/00;;00/00;;00/00;;00/00;;00/00;;5;N
ES;NOVA VENECIA;EPS;I;A;N;N;S;8;8;0;1163;0;0;0;EPSP;;X;X;X;X;X; ;26/01;EMANCIPACAO DA CIDADE;25/04;1;31/10;FERIADO MUNICIPAL;00/00;;00/00;;00/00;;00/00;;00/00;;00/00;;00/00;;5;N
ES;PANCAS;EPS;I;A;N;N;S;8;8;0;1099;0;0;0;EPSI;;X;X;X;X;X; ;13/05;FERIADO MUNICIPAL;31/10;FERIADO MUNICIPAL;13/12;1;00/00;;00/00;;00/00;;00/00;;00/00;;00/00;;00/00;;5;N
ES;PEDRO CANARIO;EPS;I;A;N;N;S;8;8;0;1182;0;0;0;EPSP;;X;X;X;X;X; ;13/05;FERIADO MUNICIPAL;25/08;FERIADO MUNICIPAL;21/12;1;26/12;FERIADO MUNICIPAL;00/00;;00/00;;00/00;;00/00;;00/00;;00/00;;5;N
ES;PINHEIROS;EPS;I;A;N;N;S;8;8;0;1200;0;0;0;EPSP;;X;X;X;X;X; ;22/04;FERIADO MUNICIPAL;30/09;FERIADO MUNICIPAL;27/12;FERIADO MUNICIPAL;00/00;;00/00;;00/00;;00/00;;00/00;;00/00;;00/00;;5;N
ES;PIUMA;EPS;I;A;N;N;S;8;8;0;849;0;0;0;EPSP;;X;X;X;X;X; ;29/06;DIA SAO PEDRO;08/12;NOSSA SENHORA CONCEICAO;00/00;;00/00;;00/00;;00/00;;00/00;;00/00;;00/00;;00/00;;5;N
ES;PONTO BELO;EPS;I;A;N;N;S;8;8;0;1152;0;0;0;EPSP;;X;X;X;X;X; ;28/04;FERIADO MUNICIPAL;24/06;1;30/03;FERIADO MUNICIPAL;00/00;;00/00;;00/00;;00/00;;00/00;;00/00;;00/00;;5;N
ES;PRESIDENTE KENNEDY;EPS;I;A;N;N;S;8;8;0;807;0;0;0;EPSI;;X;X;X;X;X; ;04/04;DIA DO MUNICIPIO;05/08;1;00/00;;00/00;;00/00;;00/00;;00/00;;00/00;;00/00;;00/00;;5;N
ES;RIO BANANAL;EPS;I;A;N;N;S;8;8;0;1092;0;0;0;EPSI;;X;X;X;X;X; ;13/05;FERIADO MUNICIPAL;14/09;.;00/00;;00/00;;00/00;;00/00;;00/00;;00/00;;00/00;;00/00;;5;N
ES;RIO NOVO DO SUL;EPS;I;A;N;N;S;8;8;0;813;0;0;0;EPSP;;X;X;X;X;X; ;13/06;FERIADO MUNICIPAL;16/07;1;04/12;FERIADO MUNICIPAL;00/00;;00/00;;00/00;;00/00;;00/00;;00/00;;00/00;;5;N
ES;SANTA LEOPOLDINA;EPS;I;A;N;N;S;8;8;0;959;0;0;0;EPSP;;X;X;X;X;X; ;17/04;1;25/07;FERIADO MUNICIPAL;31/10;FERIADO MUNICIPAL;00/00;;00/00;;00/00;;00/00;;00/00;;00/00;;00/00;;5;N
ES;SANTA MARIA DE JETIBA;EPS;I;A;N;N;S;8;8;0;951;0;0;0;EPSP;;X;X;X;X;X; ;31/10;FERIADO MUNICIPAL;00/00;;00/00;;00/00;;00/00;;00/00;;00/00;;00/00;;00/00;;00/00;;5;N
ES;SANTA TERESA;EPS;I;A;N;N;S;8;8;0;994;0;0;0;EPSP;;X;X;X;X;X; ;26/06;.;15/10;DIA DA CIDADE;31/10;FERIADO MUNICIPAL;00/00;;00/00;;00/00;;00/00;;00/00;;00/00;;00/00;;5;N
ES;SAO DOMINGOS DO NORTE;EPS;I;A;N;N;S;8;8;0;1098;0;0;0;EPSI;;X;X;X;X;X; ;30/03;FERIADO MUNICIPAL;08/08;FERIADO MUNICIPAL;31/10;FERIADO MUNICIPAL;00/00;;00/00;;00/00;;00/00;;00/00;;00/00;;00/00;;5;N
ES;SAO GABRIEL DA PALHA;EPS;I;A;N;N;S;8;8;0;1119;0;0;0;EPSP;;X;X;X;X;X; ;14/05;1;29/09;FERIADO MUNICIPAL;31/10;FERIADO MUNICIPAL;00/00;;00/00;;00/00;;00/00;;00/00;;00/00;;00/00;;5;N
ES;SAO JOSE DO CALCADO;EPS;I;A;N;N;S;8;8;0;650;0;0;0;EPSP;;X;X;X;X;X; ;19/03;FERIADO MUNICIPAL;08/12;FERIADO MUNICIPAL;00/00;;00/00;;00/00;;00/00;;00/00;;00/00;;00/00;;00/00;;5;N
ES;SAO MATEUS;EPS;I;A;N;N;S;8;8;0;1142;0;0;0;EPSP;;X;X;X;X;X; ;21/09;.;27/12;DIA SAO BENEDITO;00/00;;00/00;;00/00;;00/00;;00/00;;00/00;;00/00;;00/00;;5;N
ES;SAO ROQUE DO CANAA;EPS;I;A;N;N;S;8;8;0;1027;0;0;0;EPSP;;X;X;X;X;X; ;25/06;1;16/08;FERIADO MUNICIPAL;00/00;;00/00;;00/00;;00/00;;00/00;;00/00;;00/00;;00/00;;5;N
ES;SERRA;EPS;P;A;N;N;S;4;4;0;944;0;0;0;EPSP;;X;X;X;X;X; ;29/06;FERIADO MUNICIPAL;08/12;NOSSA SENHORA CONCEICAO;26/12;DIA DO SERRANO;00/00;;00/00;;00/00;;00/00;;00/00;;00/00;;00/00;;5;N
ES;SOORETAMA;EPS;I;A;N;N;S;8;8;0;1072;0;0;0;EPSI;;X;X;X;X;X; ;31/03;FERIADO MUNICIPAL;00/00;;00/00;;00/00;;00/00;;00/00;;00/00;;00/00;;00/00;;00/00;;5;N
ES;VARGEM ALTA;EPS;I;A;N;N;S;8;8;0;832;0;0;0;EPSP;;X;X;X;X;X; ;20/03;.;24/06;FERIADO MUNICIPAL;08/12;FERIADO MUNICIPAL;00/00;;00/00;;00/00;;00/00;;00/00;;00/00;;00/00;;5;N
ES;VENDA NOVA DO IMIGRANTE;EPS;I;A;N;N;S;8;8;0;878;0;0;0;EPSP;;X;X;X;X;X; ;10/05;1;00/00;;00/00;;00/00;;00/00;;00/00;;00/00;;00/00;;00/00;;00/00;;5;N
ES;VIANA;EPS;P;A;N;S;S;4;4;0;910;0;0;0;EPSP;;X;X;X;X;X; ;23/05;FERIADO MUNICIPAL;23/07;DIA DA CIDADE;08/12;DIA N S CONCEICAO;00/00;;00/00;;00/00;;00/00;;00/00;;00/00;;00/00;;5;N
ES;VILA PAVAO;EPS;I;A;N;N;S;8;8;0;1078;0;0;0;EPSP;;X;X;X;X;X; ;29/06;FERIADO MUNICIPAL;01/07;FERIADO MUNICIPAL;31/10;FERIADO MUNICIPAL;00/00;;00/00;;00/00;;00/00;;00/00;;00/00;;00/00;;5;N
ES;VILA VALERIO;EPS;I;A;N;N;S;8;8;0;1130;0;0;0;EPSP;;X;X;X;X;X; ;28/03;FERIADO MUNICIPAL;31/10;FERIADO MUNICIPAL;27/11;FERIADO MUNICIPAL;00/00;;00/00;;00/00;;00/00;;00/00;;00/00;;00/00;;5;N
ES;VILA VELHA;EPS;P;A;N;S;S;4;4;0;919;0;0;0;EPSP;;X;X;X;X;X; ;23/05;COLONIZACAO;00/00;;00/00;;00/00;;00/00;;00/00;;00/00;;00/00;;00/00;;00/00;;5;N
ES;VITORIA;EPS;P;A;N;N;S;4;4;0;921;0;0;0;EPSP;;X;X;X;X;X; ;08/09;DIA N S DA VITORIA;00/00;;00/00;;00/00;;00/00;;00/00;;00/00;;00/00;;00/00;;00/00;;5;N
